Male,Female
actor,Abigail
Andrew,actress
boy,Amanda
Brian,Amy
brother,Ashley
brother-in-law,aunt
businessman,businesswoman
cameraman,camerawoman
Christopher,daughter
Daniel,Emily
David,Emma
father,girl
father-in-law,granddaughter
gentleman,grandmother
grandfather,Hannah
grandson,hostess
host,Isabella
husband,Jennifer
Jacob,Jessica
James,Kimberly
Jason,lady
John,Lisa
Joshua,Madison
Kevin,Melissa
Liam,Michelle
Matthew,mother
Michael,mother-in-law
nephew,Nicole
Nicholas,niece
Noah,Olivia
Robert,saleswoman
salesman,Sarah
son,sister
stepfather,sister-in-law
stepson,Sophia
Tyler,stepdaughter
uncle,Stephanie
waiter,stepmother
William,waitress
William,wife